job_id,cell_id,notch_freqs,hpf_hz,description,subject_id,trial_id,ref_kind,view_kind,normalization,report_dir,sbatch_path
46816739,L.3.F1,"60,120,180",0.0,60 Hz + harmonics notch,1,1,shaft_laplacian,stft_abs,train_set_fixed,reports/neuroprobe_stage0_l3_filtering_2026_05_10/L.3.F1/sub1_trial1,reports/neuroprobe_stage0_l3_filtering_2026_05_10/L.3.F1/sub1_trial1/submit.sbatch
46816740,L.3.F1,"60,120,180",0.0,60 Hz + harmonics notch,1,2,shaft_laplacian,stft_abs,train_set_fixed,reports/neuroprobe_stage0_l3_filtering_2026_05_10/L.3.F1/sub1_trial2,reports/neuroprobe_stage0_l3_filtering_2026_05_10/L.3.F1/sub1_trial2/submit.sbatch
46816741,L.3.F1,"60,120,180",0.0,60 Hz + harmonics notch,2,0,shaft_laplacian,stft_abs,train_set_fixed,reports/neuroprobe_stage0_l3_filtering_2026_05_10/L.3.F1/sub2_trial0,reports/neuroprobe_stage0_l3_filtering_2026_05_10/L.3.F1/sub2_trial0/submit.sbatch
46816742,L.3.F1,"60,120,180",0.0,60 Hz + harmonics notch,2,4,shaft_laplacian,stft_abs,train_set_fixed,reports/neuroprobe_stage0_l3_filtering_2026_05_10/L.3.F1/sub2_trial4,reports/neuroprobe_stage0_l3_filtering_2026_05_10/L.3.F1/sub2_trial4/submit.sbatch
46816743,L.3.F1,"60,120,180",0.0,60 Hz + harmonics notch,3,0,shaft_laplacian,stft_abs,train_set_fixed,reports/neuroprobe_stage0_l3_filtering_2026_05_10/L.3.F1/sub3_trial0,reports/neuroprobe_stage0_l3_filtering_2026_05_10/L.3.F1/sub3_trial0/submit.sbatch
46816744,L.3.F1,"60,120,180",0.0,60 Hz + harmonics notch,3,1,shaft_laplacian,stft_abs,train_set_fixed,reports/neuroprobe_stage0_l3_filtering_2026_05_10/L.3.F1/sub3_trial1,reports/neuroprobe_stage0_l3_filtering_2026_05_10/L.3.F1/sub3_trial1/submit.sbatch
46816745,L.3.F1,"60,120,180",0.0,60 Hz + harmonics notch,4,0,shaft_laplacian,stft_abs,train_set_fixed,reports/neuroprobe_stage0_l3_filtering_2026_05_10/L.3.F1/sub4_trial0,reports/neuroprobe_stage0_l3_filtering_2026_05_10/L.3.F1/sub4_trial0/submit.sbatch
46816746,L.3.F1,"60,120,180",0.0,60 Hz + harmonics notch,4,1,shaft_laplacian,stft_abs,train_set_fixed,reports/neuroprobe_stage0_l3_filtering_2026_05_10/L.3.F1/sub4_trial1,reports/neuroprobe_stage0_l3_filtering_2026_05_10/L.3.F1/sub4_trial1/submit.sbatch
46816747,L.3.F1,"60,120,180",0.0,60 Hz + harmonics notch,7,0,shaft_laplacian,stft_abs,train_set_fixed,reports/neuroprobe_stage0_l3_filtering_2026_05_10/L.3.F1/sub7_trial0,reports/neuroprobe_stage0_l3_filtering_2026_05_10/L.3.F1/sub7_trial0/submit.sbatch
46816748,L.3.F1,"60,120,180",0.0,60 Hz + harmonics notch,7,1,shaft_laplacian,stft_abs,train_set_fixed,reports/neuroprobe_stage0_l3_filtering_2026_05_10/L.3.F1/sub7_trial1,reports/neuroprobe_stage0_l3_filtering_2026_05_10/L.3.F1/sub7_trial1/submit.sbatch
46816749,L.3.F1,"60,120,180",0.0,60 Hz + harmonics notch,10,0,shaft_laplacian,stft_abs,train_set_fixed,reports/neuroprobe_stage0_l3_filtering_2026_05_10/L.3.F1/sub10_trial0,reports/neuroprobe_stage0_l3_filtering_2026_05_10/L.3.F1/sub10_trial0/submit.sbatch
46816750,L.3.F1,"60,120,180",0.0,60 Hz + harmonics notch,10,1,shaft_laplacian,stft_abs,train_set_fixed,reports/neuroprobe_stage0_l3_filtering_2026_05_10/L.3.F1/sub10_trial1,reports/neuroprobe_stage0_l3_filtering_2026_05_10/L.3.F1/sub10_trial1/submit.sbatch
46816751,L.3.F2,"60,120,180",0.5,F1 + 0.5 Hz HPF,1,1,shaft_laplacian,stft_abs,train_set_fixed,reports/neuroprobe_stage0_l3_filtering_2026_05_10/L.3.F2/sub1_trial1,reports/neuroprobe_stage0_l3_filtering_2026_05_10/L.3.F2/sub1_trial1/submit.sbatch
46816752,L.3.F2,"60,120,180",0.5,F1 + 0.5 Hz HPF,1,2,shaft_laplacian,stft_abs,train_set_fixed,reports/neuroprobe_stage0_l3_filtering_2026_05_10/L.3.F2/sub1_trial2,reports/neuroprobe_stage0_l3_filtering_2026_05_10/L.3.F2/sub1_trial2/submit.sbatch
46816753,L.3.F2,"60,120,180",0.5,F1 + 0.5 Hz HPF,2,0,shaft_laplacian,stft_abs,train_set_fixed,reports/neuroprobe_stage0_l3_filtering_2026_05_10/L.3.F2/sub2_trial0,reports/neuroprobe_stage0_l3_filtering_2026_05_10/L.3.F2/sub2_trial0/submit.sbatch
46816754,L.3.F2,"60,120,180",0.5,F1 + 0.5 Hz HPF,2,4,shaft_laplacian,stft_abs,train_set_fixed,reports/neuroprobe_stage0_l3_filtering_2026_05_10/L.3.F2/sub2_trial4,reports/neuroprobe_stage0_l3_filtering_2026_05_10/L.3.F2/sub2_trial4/submit.sbatch
46816755,L.3.F2,"60,120,180",0.5,F1 + 0.5 Hz HPF,3,0,shaft_laplacian,stft_abs,train_set_fixed,reports/neuroprobe_stage0_l3_filtering_2026_05_10/L.3.F2/sub3_trial0,reports/neuroprobe_stage0_l3_filtering_2026_05_10/L.3.F2/sub3_trial0/submit.sbatch
46816756,L.3.F2,"60,120,180",0.5,F1 + 0.5 Hz HPF,3,1,shaft_laplacian,stft_abs,train_set_fixed,reports/neuroprobe_stage0_l3_filtering_2026_05_10/L.3.F2/sub3_trial1,reports/neuroprobe_stage0_l3_filtering_2026_05_10/L.3.F2/sub3_trial1/submit.sbatch
46816757,L.3.F2,"60,120,180",0.5,F1 + 0.5 Hz HPF,4,0,shaft_laplacian,stft_abs,train_set_fixed,reports/neuroprobe_stage0_l3_filtering_2026_05_10/L.3.F2/sub4_trial0,reports/neuroprobe_stage0_l3_filtering_2026_05_10/L.3.F2/sub4_trial0/submit.sbatch
46816758,L.3.F2,"60,120,180",0.5,F1 + 0.5 Hz HPF,4,1,shaft_laplacian,stft_abs,train_set_fixed,reports/neuroprobe_stage0_l3_filtering_2026_05_10/L.3.F2/sub4_trial1,reports/neuroprobe_stage0_l3_filtering_2026_05_10/L.3.F2/sub4_trial1/submit.sbatch
46816759,L.3.F2,"60,120,180",0.5,F1 + 0.5 Hz HPF,7,0,shaft_laplacian,stft_abs,train_set_fixed,reports/neuroprobe_stage0_l3_filtering_2026_05_10/L.3.F2/sub7_trial0,reports/neuroprobe_stage0_l3_filtering_2026_05_10/L.3.F2/sub7_trial0/submit.sbatch
46816760,L.3.F2,"60,120,180",0.5,F1 + 0.5 Hz HPF,7,1,shaft_laplacian,stft_abs,train_set_fixed,reports/neuroprobe_stage0_l3_filtering_2026_05_10/L.3.F2/sub7_trial1,reports/neuroprobe_stage0_l3_filtering_2026_05_10/L.3.F2/sub7_trial1/submit.sbatch
46816761,L.3.F2,"60,120,180",0.5,F1 + 0.5 Hz HPF,10,0,shaft_laplacian,stft_abs,train_set_fixed,reports/neuroprobe_stage0_l3_filtering_2026_05_10/L.3.F2/sub10_trial0,reports/neuroprobe_stage0_l3_filtering_2026_05_10/L.3.F2/sub10_trial0/submit.sbatch
46816762,L.3.F2,"60,120,180",0.5,F1 + 0.5 Hz HPF,10,1,shaft_laplacian,stft_abs,train_set_fixed,reports/neuroprobe_stage0_l3_filtering_2026_05_10/L.3.F2/sub10_trial1,reports/neuroprobe_stage0_l3_filtering_2026_05_10/L.3.F2/sub10_trial1/submit.sbatch
46816763,L.3.F3,"60,120,180",1.0,F1 + 1.0 Hz HPF,1,1,shaft_laplacian,stft_abs,train_set_fixed,reports/neuroprobe_stage0_l3_filtering_2026_05_10/L.3.F3/sub1_trial1,reports/neuroprobe_stage0_l3_filtering_2026_05_10/L.3.F3/sub1_trial1/submit.sbatch
46816764,L.3.F3,"60,120,180",1.0,F1 + 1.0 Hz HPF,1,2,shaft_laplacian,stft_abs,train_set_fixed,reports/neuroprobe_stage0_l3_filtering_2026_05_10/L.3.F3/sub1_trial2,reports/neuroprobe_stage0_l3_filtering_2026_05_10/L.3.F3/sub1_trial2/submit.sbatch
46816765,L.3.F3,"60,120,180",1.0,F1 + 1.0 Hz HPF,2,0,shaft_laplacian,stft_abs,train_set_fixed,reports/neuroprobe_stage0_l3_filtering_2026_05_10/L.3.F3/sub2_trial0,reports/neuroprobe_stage0_l3_filtering_2026_05_10/L.3.F3/sub2_trial0/submit.sbatch
46816766,L.3.F3,"60,120,180",1.0,F1 + 1.0 Hz HPF,2,4,shaft_laplacian,stft_abs,train_set_fixed,reports/neuroprobe_stage0_l3_filtering_2026_05_10/L.3.F3/sub2_trial4,reports/neuroprobe_stage0_l3_filtering_2026_05_10/L.3.F3/sub2_trial4/submit.sbatch
46816767,L.3.F3,"60,120,180",1.0,F1 + 1.0 Hz HPF,3,0,shaft_laplacian,stft_abs,train_set_fixed,reports/neuroprobe_stage0_l3_filtering_2026_05_10/L.3.F3/sub3_trial0,reports/neuroprobe_stage0_l3_filtering_2026_05_10/L.3.F3/sub3_trial0/submit.sbatch
46816768,L.3.F3,"60,120,180",1.0,F1 + 1.0 Hz HPF,3,1,shaft_laplacian,stft_abs,train_set_fixed,reports/neuroprobe_stage0_l3_filtering_2026_05_10/L.3.F3/sub3_trial1,reports/neuroprobe_stage0_l3_filtering_2026_05_10/L.3.F3/sub3_trial1/submit.sbatch
46816769,L.3.F3,"60,120,180",1.0,F1 + 1.0 Hz HPF,4,0,shaft_laplacian,stft_abs,train_set_fixed,reports/neuroprobe_stage0_l3_filtering_2026_05_10/L.3.F3/sub4_trial0,reports/neuroprobe_stage0_l3_filtering_2026_05_10/L.3.F3/sub4_trial0/submit.sbatch
46816770,L.3.F3,"60,120,180",1.0,F1 + 1.0 Hz HPF,4,1,shaft_laplacian,stft_abs,train_set_fixed,reports/neuroprobe_stage0_l3_filtering_2026_05_10/L.3.F3/sub4_trial1,reports/neuroprobe_stage0_l3_filtering_2026_05_10/L.3.F3/sub4_trial1/submit.sbatch
46816771,L.3.F3,"60,120,180",1.0,F1 + 1.0 Hz HPF,7,0,shaft_laplacian,stft_abs,train_set_fixed,reports/neuroprobe_stage0_l3_filtering_2026_05_10/L.3.F3/sub7_trial0,reports/neuroprobe_stage0_l3_filtering_2026_05_10/L.3.F3/sub7_trial0/submit.sbatch
46816772,L.3.F3,"60,120,180",1.0,F1 + 1.0 Hz HPF,7,1,shaft_laplacian,stft_abs,train_set_fixed,reports/neuroprobe_stage0_l3_filtering_2026_05_10/L.3.F3/sub7_trial1,reports/neuroprobe_stage0_l3_filtering_2026_05_10/L.3.F3/sub7_trial1/submit.sbatch
46816773,L.3.F3,"60,120,180",1.0,F1 + 1.0 Hz HPF,10,0,shaft_laplacian,stft_abs,train_set_fixed,reports/neuroprobe_stage0_l3_filtering_2026_05_10/L.3.F3/sub10_trial0,reports/neuroprobe_stage0_l3_filtering_2026_05_10/L.3.F3/sub10_trial0/submit.sbatch
46816774,L.3.F3,"60,120,180",1.0,F1 + 1.0 Hz HPF,10,1,shaft_laplacian,stft_abs,train_set_fixed,reports/neuroprobe_stage0_l3_filtering_2026_05_10/L.3.F3/sub10_trial1,reports/neuroprobe_stage0_l3_filtering_2026_05_10/L.3.F3/sub10_trial1/submit.sbatch
46817810,rerun_for_46816750
46817811,rerun_for_46816739
46817812,rerun_for_46816740
46817813,rerun_for_46816741
46817814,rerun_for_46816742
46817815,rerun_for_46816743
46817816,rerun_for_46816744
46817817,rerun_for_46816745
46817818,rerun_for_46816746
46817819,rerun_for_46816747
46817820,rerun_for_46816748
46817821,rerun_for_46816762
46817822,rerun_for_46816751
46817823,rerun_for_46816752
46817824,rerun_for_46816753
46817825,rerun_for_46816754
46817826,rerun_for_46816755
46817827,rerun_for_46816756
46817828,rerun_for_46816757
46817829,rerun_for_46816758
46817830,rerun_for_46816759
46817831,rerun_for_46816760
46817832,rerun_for_46816774
46817833,rerun_for_46816763
46817834,rerun_for_46816764
46817835,rerun_for_46816765
46817836,rerun_for_46816766
46817837,rerun_for_46816767
46817838,rerun_for_46816768
46817839,rerun_for_46816769
46817840,rerun_for_46816770
46817841,rerun_for_46816771
46817842,rerun_for_46816772
